<?xml version="1.0" encoding="UTF-8"?>
<metadata xml:lang="en"><Esri><CreaDate>20190103</CreaDate><CreaTime>13390100</CreaTime><ArcGISFormat>1.0</ArcGISFormat><SyncOnce>TRUE</SyncOnce><DataProperties><lineage><Process ToolSource="c:\program files (x86)\arcgis\desktop10.2\ArcToolbox\Toolboxes\Data Management Tools.tbx\CalculateField" Date="20190103" Time="132825">CalculateField Mandal_Boundary Sum_of_TOT [TOT_P] VB #</Process><Process ToolSource="c:\program files (x86)\arcgis\desktop10.2\ArcToolbox\Toolboxes\Data Management Tools.tbx\CalculateField" Date="20190103" Time="132855">CalculateField Mandal_Boundary Sum_of_No_ [No_HH] VB #</Process><Process ToolSource="c:\program files (x86)\arcgis\desktop10.2\ArcToolbox\Toolboxes\Data Management Tools.tbx\CalculateField" Date="20190103" Time="132910">CalculateField Mandal_Boundary Sum_of_T_1 [TOT_M] VB #</Process><Process ToolSource="c:\program files (x86)\arcgis\desktop10.2\ArcToolbox\Toolboxes\Data Management Tools.tbx\CalculateField" Date="20190103" Time="132919">CalculateField Mandal_Boundary Sum_of_T_2 [TOT_F] VB #</Process><Process ToolSource="c:\program files (x86)\arcgis\desktop10.2\ArcToolbox\Toolboxes\Data Management Tools.tbx\CalculateField" Date="20190103" Time="132929">CalculateField Mandal_Boundary Sum_of_P_0 [P_06] VB #</Process><Process ToolSource="c:\program files (x86)\arcgis\desktop10.2\ArcToolbox\Toolboxes\Data Management Tools.tbx\CalculateField" Date="20190103" Time="132941">CalculateField Mandal_Boundary Sum_of_M_0 [M_06] VB #</Process><Process ToolSource="c:\program files (x86)\arcgis\desktop10.2\ArcToolbox\Toolboxes\Data Management Tools.tbx\CalculateField" Date="20190103" Time="132950">CalculateField Mandal_Boundary Sum_of_F_0 [M_06] VB #</Process><Process ToolSource="c:\program files (x86)\arcgis\desktop10.2\ArcToolbox\Toolboxes\Data Management Tools.tbx\CalculateField" Date="20190103" Time="133003">CalculateField Mandal_Boundary Sum_of_F_0 [F_06] VB #</Process><Process ToolSource="c:\program files (x86)\arcgis\desktop10.2\ArcToolbox\Toolboxes\Data Management Tools.tbx\CalculateField" Date="20190103" Time="133028">CalculateField Mandal_Boundary Sum_of_P_S [P_SC] VB #</Process><Process ToolSource="c:\program files (x86)\arcgis\desktop10.2\ArcToolbox\Toolboxes\Data Management Tools.tbx\CalculateField" Date="20190103" Time="133055">CalculateField Mandal_Boundary Sum_of_M_S [M_SC] VB #</Process><Process ToolSource="c:\program files (x86)\arcgis\desktop10.2\ArcToolbox\Toolboxes\Data Management Tools.tbx\CalculateField" Date="20190103" Time="133116">CalculateField Mandal_Boundary Sum_of_F_S [F_SC] VB #</Process><Process ToolSource="c:\program files (x86)\arcgis\desktop10.2\ArcToolbox\Toolboxes\Data Management Tools.tbx\CalculateField" Date="20190103" Time="133127">CalculateField Mandal_Boundary Sum_of_P_1 [P_ST] VB #</Process><Process ToolSource="c:\program files (x86)\arcgis\desktop10.2\ArcToolbox\Toolboxes\Data Management Tools.tbx\CalculateField" Date="20190103" Time="133138">CalculateField Mandal_Boundary Sum_of_M_1 [M_ST] VB #</Process><Process ToolSource="c:\program files (x86)\arcgis\desktop10.2\ArcToolbox\Toolboxes\Data Management Tools.tbx\CalculateField" Date="20190103" Time="133158">CalculateField Mandal_Boundary Sum_of_F_1 [F_ST] VB #</Process><Process ToolSource="c:\program files (x86)\arcgis\desktop10.2\ArcToolbox\Toolboxes\Data Management Tools.tbx\CalculateField" Date="20190103" Time="133245">CalculateField Mandal_Boundary TOT_P [Sum_of_TOT] VB #</Process><Process ToolSource="c:\program files (x86)\arcgis\desktop10.2\ArcToolbox\Toolboxes\Data Management Tools.tbx\CalculateField" Date="20190103" Time="133401">CalculateField Mandal_Boundary TOT_M [Sum_of_T_1] VB #</Process><Process ToolSource="c:\program files (x86)\arcgis\desktop10.2\ArcToolbox\Toolboxes\Data Management Tools.tbx\CalculateField" Date="20190103" Time="133417">CalculateField Mandal_Boundary TOT_F [Sum_of_T_2] VB #</Process><Process ToolSource="c:\program files (x86)\arcgis\desktop10.2\ArcToolbox\Toolboxes\Data Management Tools.tbx\CalculateField" Date="20190103" Time="133429">CalculateField Mandal_Boundary P_06 [Sum_of_P_0] VB #</Process><Process ToolSource="c:\program files (x86)\arcgis\desktop10.2\ArcToolbox\Toolboxes\Data Management Tools.tbx\CalculateField" Date="20190103" Time="133456">CalculateField Mandal_Boundary M_06 [Sum_of_M_0] VB #</Process><Process ToolSource="c:\program files (x86)\arcgis\desktop10.2\ArcToolbox\Toolboxes\Data Management Tools.tbx\CalculateField" Date="20190103" Time="133524">CalculateField Mandal_Boundary F_06 [Sum_of_F_0] VB #</Process><Process ToolSource="c:\program files (x86)\arcgis\desktop10.2\ArcToolbox\Toolboxes\Data Management Tools.tbx\CalculateField" Date="20190103" Time="133539">CalculateField Mandal_Boundary P_SC [Sum_of_P_S] VB #</Process><Process ToolSource="c:\program files (x86)\arcgis\desktop10.2\ArcToolbox\Toolboxes\Data Management Tools.tbx\CalculateField" Date="20190103" Time="133638">CalculateField Mandal_Boundary M_SC [Sum_of_M_S] VB #</Process><Process ToolSource="c:\program files (x86)\arcgis\desktop10.2\ArcToolbox\Toolboxes\Data Management Tools.tbx\CalculateField" Date="20190103" Time="133659">CalculateField Mandal_Boundary F_SC [Sum_of_F_S] VB #</Process><Process ToolSource="c:\program files (x86)\arcgis\desktop10.2\ArcToolbox\Toolboxes\Data Management Tools.tbx\CalculateField" Date="20190103" Time="133718">CalculateField Mandal_Boundary P_ST [Sum_of_P_1] VB #</Process><Process ToolSource="c:\program files (x86)\arcgis\desktop10.2\ArcToolbox\Toolboxes\Data Management Tools.tbx\CalculateField" Date="20190103" Time="133731">CalculateField Mandal_Boundary M_ST [Sum_of_M_1] VB #</Process><Process ToolSource="c:\program files (x86)\arcgis\desktop10.2\ArcToolbox\Toolboxes\Data Management Tools.tbx\CalculateField" Date="20190103" Time="133742">CalculateField Mandal_Boundary F_ST [Sum_of_F_1] VB #</Process></lineage></DataProperties></Esri></metadata>
