<?xml version="1.0" encoding="UTF-8"?>
<metadata xml:lang="en"><Esri><CreaDate>20190322</CreaDate><CreaTime>12231000</CreaTime><ArcGISFormat>1.0</ArcGISFormat><SyncOnce>TRUE</SyncOnce><DataProperties><lineage><Process ToolSource="c:\program files (x86)\arcgis\desktop10.2\ArcToolbox\Toolboxes\Data Management Tools.tbx\CalculateField" Date="20190322" Time="121613">CalculateField Mandal_Boundary_1 No_HH [No_HH_1] VB #</Process><Process ToolSource="c:\program files (x86)\arcgis\desktop10.2\ArcToolbox\Toolboxes\Data Management Tools.tbx\CalculateField" Date="20190322" Time="121637">CalculateField Mandal_Boundary_1 TOT_P [TOT_P_1] VB #</Process><Process ToolSource="c:\program files (x86)\arcgis\desktop10.2\ArcToolbox\Toolboxes\Data Management Tools.tbx\CalculateField" Date="20190322" Time="121657">CalculateField Mandal_Boundary_1 TOT_M [TOT_M_1] VB #</Process><Process ToolSource="c:\program files (x86)\arcgis\desktop10.2\ArcToolbox\Toolboxes\Data Management Tools.tbx\CalculateField" Date="20190322" Time="121709">CalculateField Mandal_Boundary_1 TOT_F [TOT_F_1] VB #</Process><Process ToolSource="c:\program files (x86)\arcgis\desktop10.2\ArcToolbox\Toolboxes\Data Management Tools.tbx\CalculateField" Date="20190322" Time="121814">CalculateField Mandal_Boundary_1 P_06 [P_067] VB #</Process><Process ToolSource="c:\program files (x86)\arcgis\desktop10.2\ArcToolbox\Toolboxes\Data Management Tools.tbx\CalculateField" Date="20190322" Time="121829">CalculateField Mandal_Boundary_1 M_06 [M_067] VB #</Process><Process ToolSource="c:\program files (x86)\arcgis\desktop10.2\ArcToolbox\Toolboxes\Data Management Tools.tbx\CalculateField" Date="20190322" Time="121842">CalculateField Mandal_Boundary_1 F_06 [F_067] VB #</Process><Process ToolSource="c:\program files (x86)\arcgis\desktop10.2\ArcToolbox\Toolboxes\Data Management Tools.tbx\CalculateField" Date="20190322" Time="121900">CalculateField Mandal_Boundary_1 P_SC [P_SC_1] VB #</Process><Process ToolSource="c:\program files (x86)\arcgis\desktop10.2\ArcToolbox\Toolboxes\Data Management Tools.tbx\CalculateField" Date="20190322" Time="121917">CalculateField Mandal_Boundary_1 M_SC [M_SC_1] VB #</Process><Process ToolSource="c:\program files (x86)\arcgis\desktop10.2\ArcToolbox\Toolboxes\Data Management Tools.tbx\CalculateField" Date="20190322" Time="121936">CalculateField Mandal_Boundary_1 F_SC [F_SC_1] VB #</Process><Process ToolSource="c:\program files (x86)\arcgis\desktop10.2\ArcToolbox\Toolboxes\Data Management Tools.tbx\CalculateField" Date="20190322" Time="122020">CalculateField Mandal_Boundary_1 P_ST [P_ST_1] VB #</Process><Process ToolSource="c:\program files (x86)\arcgis\desktop10.2\ArcToolbox\Toolboxes\Data Management Tools.tbx\CalculateField" Date="20190322" Time="122031">CalculateField Mandal_Boundary_1 M_ST [M_ST_1] VB #</Process><Process ToolSource="c:\program files (x86)\arcgis\desktop10.2\ArcToolbox\Toolboxes\Data Management Tools.tbx\CalculateField" Date="20190322" Time="122045">CalculateField Mandal_Boundary_1 F_ST [F_ST_1] VB #</Process><Process ToolSource="c:\program files (x86)\arcgis\desktop10.2\ArcToolbox\Toolboxes\Data Management Tools.tbx\CalculateField" Date="20190322" Time="122822">CalculateField Mandal_Boundary N_Revenue "Mahabubnagar" VB #</Process><Process ToolSource="c:\program files (x86)\arcgis\desktop10.2\ArcToolbox\Toolboxes\Data Management Tools.tbx\CalculateField" Date="20200224" Time="141751">CalculateField Mandal_Boundary N_Revenue "Korutla"


 VB #</Process><Process ToolSource="c:\program files (x86)\arcgis\desktop10.2\ArcToolbox\Toolboxes\Data Management Tools.tbx\CalculateField" Date="20200224" Time="142444">CalculateField Mandal_Boundary N_Revenue "Kollapur"



 VB #</Process><Process ToolSource="c:\program files (x86)\arcgis\desktop10.2\ArcToolbox\Toolboxes\Data Management Tools.tbx\CalculateField" Date="20200224" Time="143308">CalculateField Mandal_Boundary N_Revenue "Huzurnagar"






 VB #</Process><Process ToolSource="c:\program files (x86)\arcgis\desktop10.4\ArcToolbox\Toolboxes\Data Management Tools.tbx\CalculateField" Date="20200813" Time="140101">CalculateField Mandal_Boundary N_Revenue "Andole Jogipet" VB #</Process><Process ToolSource="c:\program files (x86)\arcgis\desktop10.4\ArcToolbox\Toolboxes\Data Management Tools.tbx\CalculateField" Date="20200813" Time="140113">CalculateField Mandal_Boundary N_Revenue "Andole-Jogipet" VB #</Process><Process ToolSource="c:\program files (x86)\arcgis\desktop10.4\ArcToolbox\Toolboxes\Data Management Tools.tbx\CalculateField" Date="20200813" Time="142322">CalculateField Mandal_Boundary N_Revenue "Vemulawada" VB #</Process><Process ToolSource="c:\program files (x86)\arcgis\desktop10.4\ArcToolbox\Toolboxes\Data Management Tools.tbx\CalculateField" Date="20200813" Time="150446">CalculateField Mandal_Boundary Mandal_Nam "Chowtakur" VB #</Process></lineage></DataProperties></Esri></metadata>
